,action, reward, game over,qbert_x,qbert_y,qbert_tile,snake_x,snake_y,monster_x,monster_y
0,0,0.0,False,0.0,0.0,0,0.0,0.0,0.0,0.0
1,0,0.0,False,0.0,0.0,0,0.0,0.0,0.0,0.0
2,0,0.0,False,0.0,0.0,0,0.0,0.0,0.0,0.0
3,0,0.0,False,0.0,0.0,0,0.0,0.0,0.0,0.0
4,0,0.0,False,0.0,0.0,0,0.0,0.0,0.0,0.0
5,0,0.0,False,0.0,0.0,0,0.0,0.0,0.0,0.0
6,0,0.0,False,0.0,0.0,0,0.0,0.0,0.0,0.0
7,0,0.0,False,0.0,0.0,0,0.0,0.0,0.0,0.0
8,0,0.0,False,0.0,0.0,0,0.0,0.0,0.0,0.0
9,0,0.0,False,0.0,0.0,0,0.0,0.0,0.0,0.0
10,0,0.0,False,0.0,0.0,0,0.0,0.0,0.0,0.0
11,0,0.0,False,0.0,0.0,0,0.0,0.0,0.0,0.0
12,0,0.0,False,0.0,0.0,0,0.0,0.0,0.0,0.0
13,0,0.0,False,0.0,0.0,0,0.0,0.0,0.0,0.0
14,0,0.0,False,0.0,0.0,0,0.0,0.0,0.0,0.0
15,0,0.0,False,0.0,0.0,0,0.0,0.0,0.0,0.0
16,0,0.0,False,0.0,0.0,0,0.0,0.0,0.0,0.0
17,0,0.0,False,0.0,0.0,0,0.0,0.0,0.0,0.0
18,0,0.0,False,0.0,0.0,0,0.0,0.0,0.0,0.0
19,0,0.0,False,0.0,0.0,0,0.0,0.0,0.0,0.0
20,0,0.0,False,0.0,0.0,0,0.0,0.0,0.0,0.0
21,0,0.0,False,0.0,0.0,0,0.0,0.0,0.0,0.0
22,0,0.0,False,0.0,0.0,0,0.0,0.0,0.0,0.0
23,0,0.0,False,0.0,0.0,0,0.0,0.0,0.0,0.0
24,0,0.0,False,0.0,0.0,0,0.0,0.0,0.0,0.0
25,0,0.0,False,0.0,0.0,0,0.0,0.0,0.0,0.0
26,0,0.0,False,0.0,0.0,0,0.0,0.0,0.0,0.0
27,0,0.0,False,0.0,0.0,0,0.0,0.0,0.0,0.0
28,0,0.0,False,0.0,0.0,0,0.0,0.0,0.0,0.0
29,0,0.0,False,0.0,0.0,0,0.0,0.0,0.0,0.0
30,0,0.0,False,0.0,0.0,0,0.0,0.0,0.0,0.0
31,0,0.0,False,78.0,25.5,1,0.0,0.0,0.0,0.0
32,0,0.0,False,78.0,25.5,1,0.0,0.0,0.0,0.0
33,0,0.0,False,78.0,25.5,1,0.0,0.0,0.0,0.0
34,0,0.0,False,78.0,25.5,1,0.0,0.0,0.0,0.0
35,0,0.0,False,78.0,25.5,1,0.0,0.0,0.0,0.0
36,0,0.0,False,78.0,25.5,1,0.0,0.0,0.0,0.0
37,0,0.0,False,78.0,25.5,1,0.0,0.0,0.0,0.0
38,0,0.0,False,78.0,25.5,1,0.0,0.0,0.0,0.0
39,0,0.0,False,78.0,25.5,1,0.0,0.0,0.0,0.0
40,0,0.0,False,78.0,25.5,1,0.0,0.0,0.0,0.0
41,0,0.0,False,78.0,25.5,1,0.0,0.0,0.0,0.0
42,0,0.0,False,78.0,25.5,1,0.0,0.0,0.0,0.0
43,0,0.0,False,78.0,25.5,1,0.0,0.0,0.0,0.0
44,3,0.0,False,78.0,25.5,1,0.0,0.0,0.0,0.0
45,0,0.0,False,79.0506329113924,23.582278481012658,1,0.0,0.0,0.0,0.0
46,0,0.0,False,84.0,19.93243243243243,1,0.0,0.0,0.0,0.0
47,0,0.0,False,89.0,25.5,0,0.0,0.0,0.0,0.0
48,0,0.0,False,88.92682926829268,36.08536585365854,0,0.0,0.0,0.0,0.0
49,0,25.0,False,89.0,46.932432432432435,3,0.0,0.0,0.0,0.0
50,0,0.0,False,93.0,55.21052631578947,3,0.0,0.0,0.0,0.0
51,0,0.0,False,93.0,55.21052631578947,3,0.0,0.0,0.0,0.0
52,0,0.0,False,93.0,55.21052631578947,3,0.0,0.0,0.0,0.0
53,0,300.0,False,92.92307692307692,56.794871794871796,3,0.0,0.0,93.8125,51.05
54,0,0.0,False,93.0,55.21052631578947,3,0.0,0.0,0.0,0.0
55,0,0.0,False,93.0,55.21052631578947,3,0.0,0.0,0.0,0.0
56,0,0.0,False,93.0,55.21052631578947,3,0.0,0.0,0.0,0.0
57,3,0.0,False,93.0,55.21052631578947,3,0.0,0.0,0.0,0.0
58,3,0.0,False,95.02597402597402,53.311688311688314,3,0.0,0.0,0.0,0.0
59,0,0.0,False,100.0,49.54054054054054,0,0.0,0.0,0.0,0.0
60,0,0.0,False,105.0,54.5,0,0.0,0.0,0.0,0.0
61,0,0.0,False,104.92682926829268,64.08536585365853,0,0.0,0.0,0.0,0.0
62,0,25.0,False,105.0,74.93243243243244,6,0.0,0.0,0.0,0.0
63,0,0.0,False,105.0,83.21052631578948,6,0.0,0.0,0.0,0.0
64,0,0.0,False,105.0,83.21052631578948,6,0.0,0.0,0.0,0.0
65,0,0.0,False,105.0,83.21052631578948,6,0.0,0.0,0.0,0.0
66,0,0.0,False,105.0,83.21052631578948,6,0.0,0.0,0.0,0.0
67,0,0.0,False,105.0,83.21052631578948,6,0.0,0.0,0.0,0.0
68,3,0.0,False,105.0,83.21052631578948,6,0.0,0.0,0.0,0.0
69,3,0.0,False,107.02631578947368,81.19736842105263,6,0.0,0.0,0.0,0.0
70,0,0.0,False,112.0,77.93243243243244,0,0.0,0.0,0.0,0.0
71,0,0.0,False,117.0,83.21052631578948,0,0.0,0.0,0.0,0.0
72,0,0.0,False,116.9367088607595,93.56962025316456,0,0.0,0.0,0.0,0.0
73,0,25.0,False,117.0,104.17567567567568,10,0.0,0.0,0.0,0.0
74,0,0.0,False,117.0,112.44736842105263,10,0.0,0.0,0.0,0.0
75,0,0.0,False,117.0,112.44736842105263,10,0.0,0.0,0.0,0.0
76,0,0.0,False,117.0,112.44736842105263,10,0.0,0.0,0.0,0.0
77,0,0.0,False,117.0,112.44736842105263,10,0.0,0.0,0.0,0.0
78,0,0.0,False,117.0,112.44736842105263,10,0.0,0.0,0.0,0.0
79,3,0.0,False,117.0,112.44736842105263,10,0.0,0.0,0.0,0.0
80,0,0.0,False,119.02631578947368,110.19736842105263,10,0.0,0.0,0.0,0.0
81,0,0.0,False,124.0,106.93243243243244,0,0.0,0.0,0.0,0.0
82,0,0.0,False,129.0,112.1842105263158,0,0.0,0.0,0.0,0.0
83,0,0.0,False,128.95890410958904,122.01369863013699,15,0.0,0.0,0.0,0.0
84,0,25.0,False,129.01388888888889,132.15277777777777,15,0.0,0.0,0.0,0.0
85,0,0.0,False,129.0,140.5,15,0.0,0.0,0.0,0.0
86,0,0.0,False,129.0,140.5,15,0.0,0.0,0.0,0.0
87,0,0.0,False,129.0,140.5,15,0.0,0.0,0.0,0.0
88,0,0.0,False,129.0,140.5,15,0.0,0.0,0.0,0.0
89,0,0.0,False,129.0,140.5,15,0.0,0.0,0.0,0.0
90,3,0.0,False,129.0,140.5,15,0.0,0.0,0.0,0.0
91,3,0.0,False,131.0731707317073,138.97560975609755,15,0.0,0.0,0.0,0.0
92,0,0.0,False,136.0,134.93243243243242,15,94.0,44.0,0.0,0.0
93,0,0.0,False,140.97333333333333,140.09333333333333,0,94.0,44.0,0.0,0.0
94,0,0.0,False,141.0375,150.9875,0,94.0,44.0,0.0,0.0
95,0,25.0,False,140.9625,161.2375,21,94.0,44.0,0.0,0.0
96,0,0.0,False,141.0,170.21052631578948,21,94.0,44.0,0.0,0.0
97,0,0.0,False,141.0,170.21052631578948,21,94.0,44.0,0.0,0.0
98,0,0.0,False,141.0,170.21052631578948,21,94.0,44.0,0.0,0.0
99,0,0.0,False,141.0,170.21052631578948,21,94.0,44.0,0.0,0.0
100,0,0.0,False,141.0,170.21052631578948,21,94.0,56.78125,0.0,0.0
101,0,0.0,False,141.0,170.21052631578948,21,94.0,56.78125,0.0,0.0
102,4,0.0,False,141.0,170.21052631578948,21,94.0,56.78125,0.0,0.0
103,0,0.0,False,142.17567567567568,165.21621621621622,21,94.0,56.78125,0.0,0.0
104,0,0.0,False,142.28169014084506,155.1267605633803,21,94.0,56.78125,0.0,0.0
105,0,0.0,False,142.27380952380952,144.16666666666666,0,78.0,72.0,0.0,0.0
106,0,0.0,False,139.17567567567568,136.21621621621622,0,78.0,72.0,0.0,0.0
107,0,0.0,False,134.17567567567568,135.21621621621622,15,78.0,72.0,0.0,0.0
108,0,0.0,False,130.16666666666666,139.7948717948718,15,78.0,72.0,0.0,0.0
109,0,0.0,False,130.16666666666666,139.7948717948718,15,78.0,72.0,0.0,0.0
110,0,0.0,False,130.16666666666666,139.7948717948718,15,78.0,72.0,0.0,0.0
111,0,0.0,False,130.16666666666666,139.7948717948718,15,78.0,72.0,0.0,0.0
112,0,0.0,False,130.16666666666666,139.7948717948718,15,78.0,72.0,0.0,0.0
113,4,0.0,False,130.16666666666666,139.7948717948718,15,78.0,84.78125,0.0,0.0
114,4,0.0,False,130.17567567567568,135.21621621621622,15,78.0,84.78125,0.0,0.0
115,0,0.0,False,130.16666666666666,125.34722222222223,15,78.0,84.78125,0.0,0.0
116,0,0.0,False,130.19736842105263,115.38157894736842,0,78.0,84.78125,0.0,0.0
117,0,0.0,False,127.17567567567568,108.21621621621621,0,78.0,84.78125,0.0,0.0
118,0,0.0,False,122.17567567567568,107.25675675675676,10,66.0,101.0,0.0,0.0
119,0,0.0,False,118.15584415584415,112.05194805194805,10,66.0,101.0,0.0,0.0
120,0,0.0,False,118.15584415584415,112.05194805194805,10,66.0,101.0,0.0,0.0
121,0,0.0,False,118.15584415584415,112.05194805194805,10,66.0,101.0,0.0,0.0
122,0,0.0,False,118.15584415584415,112.05194805194805,10,66.0,101.0,0.0,0.0
123,0,0.0,False,118.15584415584415,112.05194805194805,10,66.0,101.0,0.0,0.0
124,2,0.0,False,118.15584415584415,112.05194805194805,10,66.0,101.0,0.0,0.0
125,2,0.0,False,116.82432432432432,108.04054054054055,10,66.0,101.0,0.0,0.0
126,0,0.0,False,116.75903614457832,97.25301204819277,10,66.0,113.78125,0.0,0.0
127,0,0.0,False,116.8125,86.8875,0,66.0,113.78125,0.0,0.0
128,0,0.0,False,119.82432432432432,79.21621621621621,0,66.0,113.78125,0.0,0.0
129,0,0.0,False,124.82432432432432,78.21621621621621,0,66.0,113.78125,0.0,0.0
130,0,0.0,False,128.82894736842104,83.48684210526316,0,66.0,113.78125,0.0,0.0
131,0,0.0,False,128.77215189873417,88.65822784810126,0,78.0,131.0,0.0,0.0
132,0,0.0,False,128.78481012658227,93.70886075949367,0,78.0,131.0,0.0,0.0
133,0,0.0,False,128.94805194805195,99.01298701298701,0,78.0,131.0,0.0,0.0
134,0,0.0,False,128.82432432432432,104.21621621621621,0,78.0,131.0,0.0,0.0
135,0,0.0,False,128.82432432432432,109.21621621621621,0,78.0,131.0,0.0,0.0
136,0,0.0,False,128.83116883116884,114.57142857142857,0,78.0,131.0,0.0,0.0
137,0,0.0,False,128.8783783783784,120.24324324324324,0,0.0,0.0,0.0,0.0
138,0,0.0,False,129.53571428571428,135.60714285714286,15,0.0,0.0,0.0,0.0
139,0,0.0,False,128.77551020408163,149.6122448979592,15,0.0,0.0,0.0,0.0
140,0,0.0,False,127.0,168.83333333333334,0,0.0,0.0,0.0,0.0
141,0,0.0,False,128.9,183.73333333333332,0,0.0,0.0,0.0,0.0
142,0,0.0,False,129.37777777777777,197.57777777777778,0,0.0,0.0,0.0,0.0
143,4,0.0,False,0.0,0.0,0,0.0,0.0,0.0,0.0
144,0,0.0,False,0.0,0.0,0,0.0,0.0,0.0,0.0
145,0,0.0,False,0.0,0.0,0,0.0,0.0,0.0,0.0
146,0,0.0,False,0.0,0.0,0,0.0,0.0,0.0,0.0
147,0,0.0,False,0.0,0.0,0,0.0,0.0,0.0,0.0
148,0,0.0,False,0.0,0.0,0,0.0,0.0,0.0,0.0
149,0,0.0,False,0.0,0.0,0,0.0,0.0,0.0,0.0
150,0,0.0,False,0.0,0.0,0,79.5,138.5,0.0,0.0
151,0,0.0,False,0.0,0.0,0,0.0,0.0,0.0,0.0
152,0,0.0,False,0.0,0.0,0,0.0,0.0,0.0,0.0
153,0,0.0,False,0.0,0.0,0,0.0,0.0,0.0,0.0
154,0,0.0,False,0.0,0.0,0,0.0,0.0,0.0,0.0
155,0,0.0,False,0.0,0.0,0,0.0,0.0,0.0,0.0
156,0,0.0,False,0.0,0.0,0,0.0,0.0,0.0,0.0
157,0,0.0,False,0.0,0.0,0,0.0,0.0,0.0,0.0
158,0,0.0,False,0.0,0.0,0,0.0,0.0,0.0,0.0
159,0,0.0,False,0.0,0.0,0,0.0,0.0,0.0,0.0
160,0,0.0,False,79.5,138.5,0,0.0,0.0,0.0,0.0
161,0,0.0,False,0.0,0.0,0,0.0,0.0,0.0,0.0
162,0,0.0,False,0.0,0.0,0,0.0,0.0,0.0,0.0
163,0,0.0,False,0.0,0.0,0,0.0,0.0,0.0,0.0
164,0,0.0,False,0.0,0.0,0,0.0,0.0,0.0,0.0
165,0,0.0,False,0.0,0.0,0,0.0,0.0,0.0,0.0
166,0,0.0,False,0.0,0.0,0,0.0,0.0,0.0,0.0
167,0,0.0,False,0.0,0.0,0,0.0,0.0,0.0,0.0
168,0,0.0,False,0.0,0.0,0,0.0,0.0,0.0,0.0
169,0,0.0,False,0.0,0.0,0,0.0,0.0,0.0,0.0
170,0,0.0,False,0.0,0.0,0,65.37837837837837,44.0,0.0,0.0
171,0,0.0,False,0.0,0.0,0,65.37837837837837,44.0,0.0,0.0
172,0,0.0,False,0.0,0.0,0,65.37837837837837,44.0,0.0,0.0
173,0,0.0,False,0.0,0.0,0,65.37837837837837,44.0,0.0,0.0
174,0,0.0,False,0.0,0.0,0,65.37837837837837,44.0,0.0,0.0
175,0,0.0,False,0.0,0.0,0,65.37837837837837,44.0,0.0,0.0
176,0,0.0,False,0.0,0.0,0,65.37837837837837,44.0,0.0,0.0
177,0,0.0,False,0.0,0.0,0,65.37837837837837,44.0,0.0,0.0
178,0,0.0,False,0.0,0.0,0,65.67857142857143,56.857142857142854,0.0,0.0
179,0,0.0,False,0.0,0.0,0,65.67857142857143,56.857142857142854,0.0,0.0
180,0,0.0,False,0.0,0.0,0,65.67857142857143,56.857142857142854,0.0,0.0
181,0,0.0,False,0.0,0.0,0,65.67857142857143,56.857142857142854,0.0,0.0
182,0,0.0,False,76.8625,25.0,1,66.0,56.78125,0.0,0.0
183,0,0.0,False,76.8625,25.0,1,78.0,72.0,0.0,0.0
184,0,0.0,False,76.8625,25.0,1,78.0,72.0,0.0,0.0
185,0,0.0,False,76.8625,25.0,1,78.0,72.0,0.0,0.0
186,0,0.0,False,76.8625,25.0,1,78.0,72.0,0.0,0.0
187,0,0.0,False,76.8625,25.0,1,78.0,72.0,0.0,0.0
188,0,0.0,False,76.8625,25.0,1,78.0,72.0,0.0,0.0
189,0,0.0,False,76.8625,25.0,1,78.0,72.0,0.0,0.0
190,0,0.0,False,76.8625,25.0,1,78.0,72.0,0.0,0.0
191,0,0.0,False,76.8625,25.0,1,78.0,84.78125,0.0,0.0
192,0,0.0,False,76.8625,25.0,1,78.0,84.78125,0.0,0.0
193,0,0.0,False,76.8625,25.0,1,78.0,84.78125,0.0,0.0
194,0,0.0,False,76.8625,25.0,1,78.0,84.78125,0.0,0.0
195,0,0.0,False,76.8625,25.0,1,78.0,84.78125,0.0,0.0
196,0,0.0,False,76.8625,25.0,1,94.0,101.0,0.0,0.0
197,0,0.0,False,76.8625,25.0,1,88.12658227848101,116.18987341772151,0.0,0.0
198,4,0.0,False,76.8625,25.0,1,94.0,101.0,0.0,0.0
199,0,0.0,False,78.17567567567568,20.216216216216218,1,94.0,101.0,0.0,0.0
200,0,0.0,False,78.28205128205128,13.512820512820513,1,94.0,101.0,0.0,0.0
201,0,0.0,False,0.0,0.0,0,94.0,101.0,0.0,0.0
202,0,0.0,False,0.0,0.0,0,94.0,101.0,0.0,0.0
203,0,0.0,False,0.0,0.0,0,94.0,101.0,0.0,0.0
204,0,0.0,False,0.0,0.0,0,94.0,113.78125,0.0,0.0
205,0,0.0,False,65.66666666666667,10.333333333333334,0,94.0,113.78125,0.0,0.0
206,0,0.0,False,66.0952380952381,12.666666666666666,0,94.0,113.78125,0.0,0.0
207,0,0.0,False,71.3855421686747,62.204819277108435,0,94.0,113.78125,0.0,0.0
208,0,0.0,False,66.17567567567568,17.216216216216218,0,94.0,113.78125,0.0,0.0
209,0,0.0,False,66.17105263157895,22.473684210526315,0,106.0,130.0,0.0,0.0
210,0,0.0,False,66.18518518518519,27.987654320987655,0,106.0,130.0,0.0,0.0
211,0,0.0,False,66.12048192771084,34.06024096385542,0,0.0,0.0,0.0,0.0
212,0,0.0,False,65.46428571428571,50.607142857142854,2,0.0,0.0,0.0,0.0
213,0,0.0,False,66.29268292682927,64.26829268292683,2,0.0,0.0,0.0,0.0
214,0,0.0,False,68.4,79.0,0,0.0,0.0,0.0,0.0
215,0,0.0,False,65.85714285714286,97.03174603174604,8,0.0,0.0,0.0,0.0
216,0,0.0,False,65.70588235294117,112.31372549019608,8,0.0,0.0,0.0,0.0
217,0,0.0,False,66.20689655172414,125.72413793103448,8,0.0,0.0,0.0,0.0
218,0,0.0,False,68.0,142.33333333333334,0,0.0,0.0,0.0,0.0
219,0,0.0,False,65.7536231884058,157.95652173913044,18,0.0,0.0,0.0,0.0
220,0,0.0,False,66.02222222222223,172.9777777777778,18,0.0,0.0,0.0,0.0
221,0,0.0,False,66.5,186.1153846153846,0,0.0,0.0,0.0,0.0
222,0,0.0,False,68.42857142857143,202.42857142857142,0,0.0,0.0,0.0,0.0
223,0,0.0,False,0.0,0.0,0,0.0,0.0,0.0,0.0
224,0,0.0,False,0.0,0.0,0,0.0,0.0,0.0,0.0
225,0,0.0,False,0.0,0.0,0,0.0,0.0,0.0,0.0
226,0,0.0,False,0.0,0.0,0,0.0,0.0,0.0,0.0
227,0,0.0,False,0.0,0.0,0,0.0,0.0,0.0,0.0
228,0,0.0,False,0.0,0.0,0,0.0,0.0,0.0,0.0
229,0,0.0,False,0.0,0.0,0,0.0,0.0,0.0,0.0
230,0,0.0,False,0.0,0.0,0,0.0,0.0,0.0,0.0
231,0,0.0,False,0.0,0.0,0,0.0,0.0,0.0,0.0
232,0,0.0,False,0.0,0.0,0,0.0,0.0,0.0,0.0
233,0,0.0,False,0.0,0.0,0,0.0,0.0,0.0,0.0
234,0,0.0,False,0.0,0.0,0,0.0,0.0,0.0,0.0
235,0,0.0,False,0.0,0.0,0,0.0,0.0,0.0,0.0
236,0,0.0,False,0.0,0.0,0,0.0,0.0,0.0,0.0
237,0,0.0,False,0.0,0.0,0,0.0,0.0,0.0,0.0
238,0,0.0,False,0.0,0.0,0,0.0,0.0,0.0,0.0
239,0,0.0,False,0.0,0.0,0,0.0,0.0,0.0,0.0
240,0,0.0,False,0.0,0.0,0,0.0,0.0,0.0,0.0
241,0,0.0,False,0.0,0.0,0,0.0,0.0,0.0,0.0
242,0,0.0,False,0.0,0.0,0,0.0,0.0,0.0,0.0
243,0,0.0,False,0.0,0.0,0,0.0,0.0,0.0,0.0
244,0,0.0,False,0.0,0.0,0,0.0,0.0,0.0,0.0
245,4,0.0,False,0.0,0.0,0,0.0,0.0,0.0,0.0
246,4,0.0,False,0.0,0.0,0,0.0,0.0,0.0,0.0
247,0,0.0,False,0.0,0.0,0,0.0,0.0,0.0,0.0
248,0,0.0,False,0.0,0.0,0,94.0,44.0,0.0,0.0
249,0,0.0,False,0.0,0.0,0,94.0,44.0,0.0,0.0
250,0,0.0,False,0.0,0.0,0,94.0,44.0,0.0,0.0
251,0,0.0,False,0.0,0.0,0,94.0,44.0,0.0,0.0
252,0,0.0,False,0.0,0.0,0,94.0,44.0,0.0,0.0
253,0,0.0,False,0.0,0.0,0,94.0,44.0,0.0,0.0
254,0,0.0,False,0.0,0.0,0,94.0,44.0,0.0,0.0
255,0,0.0,False,0.0,0.0,0,94.0,44.0,0.0,0.0
256,0,0.0,False,0.0,0.0,0,94.0,56.78125,0.0,0.0
257,0,0.0,False,0.0,0.0,0,94.0,56.78125,0.0,0.0
258,0,0.0,False,0.0,0.0,0,94.0,56.78125,0.0,0.0
259,0,0.0,False,0.0,0.0,0,94.0,56.78125,0.0,0.0
260,0,0.0,False,0.0,0.0,0,94.0,56.78125,0.0,0.0
261,0,0.0,False,0.0,0.0,0,106.20454545454545,72.0,0.0,0.0
262,4,0.0,False,78.1375,25.0,1,106.0,72.0,0.0,0.0
263,0,0.0,False,78.17567567567568,20.216216216216218,1,106.0,72.0,0.0,0.0
264,0,0.0,False,78.28205128205128,13.512820512820513,1,106.0,72.0,0.0,0.0
265,0,0.0,False,0.0,0.0,0,106.0,72.0,0.0,0.0
266,0,0.0,False,0.0,0.0,0,106.0,72.0,0.0,0.0
267,0,0.0,False,0.0,0.0,0,106.0,72.0,0.0,0.0
268,0,0.0,False,0.0,0.0,0,106.0,72.0,0.0,0.0
269,0,0.0,False,65.66666666666667,10.333333333333334,0,106.0,84.78125,0.0,0.0
270,0,0.0,False,66.0952380952381,12.666666666666666,0,106.0,84.78125,0.0,0.0
271,0,0.0,False,66.29411764705883,14.333333333333334,0,106.0,84.78125,0.0,0.0
272,0,0.0,False,66.17567567567568,17.216216216216218,0,106.0,84.78125,0.0,0.0
273,0,0.0,False,66.17105263157895,22.473684210526315,0,106.0,84.78125,0.0,0.0
274,0,0.0,False,66.18518518518519,27.987654320987655,0,94.0,101.0,0.0,0.0
275,0,0.0,False,66.12048192771084,34.06024096385542,0,0.0,0.0,0.0,0.0
276,0,0.0,False,65.46428571428571,50.607142857142854,2,0.0,0.0,0.0,0.0
277,0,0.0,False,66.29268292682927,64.26829268292683,2,0.0,0.0,0.0,0.0
278,0,0.0,False,68.4,79.0,0,0.0,0.0,0.0,0.0
279,0,0.0,False,65.85714285714286,97.03174603174604,8,0.0,0.0,0.0,0.0
280,0,0.0,False,65.70588235294117,112.31372549019608,8,0.0,0.0,0.0,0.0
281,0,0.0,False,66.20689655172414,125.72413793103448,8,0.0,0.0,0.0,0.0
282,0,0.0,False,68.0,142.33333333333334,0,0.0,0.0,0.0,0.0
283,0,0.0,False,65.7536231884058,157.95652173913044,18,0.0,0.0,0.0,0.0
284,0,0.0,False,66.02222222222223,172.9777777777778,18,0.0,0.0,0.0,0.0
285,3,0.0,False,66.5,186.1153846153846,0,0.0,0.0,0.0,0.0
286,0,0.0,False,68.42857142857143,202.42857142857142,0,0.0,0.0,0.0,0.0
287,0,0.0,False,0.0,0.0,0,0.0,0.0,0.0,0.0
288,0,0.0,False,0.0,0.0,0,0.0,0.0,0.0,0.0
289,0,0.0,False,0.0,0.0,0,0.0,0.0,0.0,0.0
290,0,0.0,False,0.0,0.0,0,0.0,0.0,0.0,0.0
291,0,0.0,False,0.0,0.0,0,0.0,0.0,0.0,0.0
292,0,0.0,False,0.0,0.0,0,0.0,0.0,0.0,0.0
293,0,0.0,False,0.0,0.0,0,0.0,0.0,0.0,0.0
294,0,0.0,False,0.0,0.0,0,0.0,0.0,0.0,0.0
295,0,0.0,False,0.0,0.0,0,0.0,0.0,0.0,0.0
296,0,0.0,False,0.0,0.0,0,0.0,0.0,0.0,0.0
297,0,0.0,False,0.0,0.0,0,0.0,0.0,0.0,0.0
298,0,0.0,False,0.0,0.0,0,0.0,0.0,0.0,0.0
299,0,0.0,False,0.0,0.0,0,0.0,0.0,0.0,0.0
300,0,0.0,False,0.0,0.0,0,0.0,0.0,0.0,0.0
301,0,0.0,False,0.0,0.0,0,0.0,0.0,0.0,0.0
302,0,0.0,False,0.0,0.0,0,0.0,0.0,0.0,0.0
303,0,0.0,False,0.0,0.0,0,0.0,0.0,0.0,0.0
304,0,0.0,False,0.0,0.0,0,0.0,0.0,0.0,0.0
305,0,0.0,False,0.0,0.0,0,0.0,0.0,0.0,0.0
306,0,0.0,False,0.0,0.0,0,0.0,0.0,0.0,0.0
307,0,0.0,False,0.0,0.0,0,0.0,0.0,0.0,0.0
308,0,0.0,False,0.0,0.0,0,0.0,0.0,0.0,0.0
309,0,0.0,False,0.0,0.0,0,0.0,0.0,0.0,0.0
310,0,0.0,False,0.0,0.0,0,0.0,0.0,0.0,0.0
311,0,0.0,False,0.0,0.0,0,0.0,0.0,0.0,0.0
312,0,0.0,False,0.0,0.0,0,0.0,0.0,0.0,0.0
313,0,0.0,False,0.0,0.0,0,94.0,44.0,0.0,0.0
314,0,0.0,False,0.0,0.0,0,94.0,44.0,0.0,0.0
315,0,0.0,False,0.0,0.0,0,94.0,44.0,0.0,0.0
316,0,0.0,False,0.0,0.0,0,94.0,44.0,0.0,0.0
317,0,0.0,False,0.0,0.0,0,94.0,44.0,0.0,0.0
318,0,0.0,False,0.0,0.0,0,94.0,44.0,0.0,0.0
319,0,0.0,False,0.0,0.0,0,94.0,44.0,0.0,0.0
320,0,0.0,False,0.0,0.0,0,94.0,44.0,0.0,0.0
321,0,0.0,False,0.0,0.0,0,94.0,56.78125,0.0,0.0
322,0,0.0,False,0.0,0.0,0,94.0,56.78125,0.0,0.0
323,0,0.0,False,0.0,0.0,0,94.0,56.78125,0.0,0.0
324,0,0.0,False,0.0,0.0,0,94.0,56.78125,0.0,0.0
325,0,0.0,False,0.0,0.0,0,94.0,56.78125,0.0,0.0
326,0,0.0,False,78.1375,25.0,1,78.0,72.0,0.0,0.0
327,0,0.0,False,78.1375,25.0,1,78.0,72.0,0.0,0.0
328,0,0.0,False,78.1375,25.0,1,78.0,72.0,0.0,0.0
329,0,0.0,False,78.1375,25.0,1,78.0,72.0,0.0,0.0
330,0,0.0,False,78.1375,25.0,1,78.0,72.0,0.0,0.0
331,0,0.0,False,78.1375,25.0,1,78.0,72.0,0.0,0.0
332,0,0.0,False,78.1375,25.0,1,78.0,72.0,0.0,0.0
333,5,0.0,False,78.1375,25.0,1,78.0,72.0,0.0,0.0
334,0,0.0,False,75.9493670886076,23.582278481012658,1,78.0,84.78125,0.0,0.0
335,0,0.0,False,71.0,19.93243243243243,1,78.0,84.78125,0.0,0.0
336,0,0.0,False,66.0,25.5,0,78.0,84.78125,0.0,0.0
337,0,0.0,False,66.07317073170732,36.08536585365854,0,78.0,84.78125,0.0,0.0
338,0,25.0,False,66.0,46.932432432432435,2,78.0,84.78125,0.0,0.0
339,0,0.0,False,66.0,55.21052631578947,2,66.0,101.0,0.0,0.0
340,0,0.0,False,66.0,55.21052631578947,2,66.0,101.0,0.0,0.0
341,0,0.0,False,66.0,55.21052631578947,2,66.0,101.0,0.0,0.0
342,3,0.0,False,66.0,55.21052631578947,2,66.0,101.0,0.0,0.0
343,3,0.0,False,67.02597402597402,53.311688311688314,2,66.0,101.0,0.0,0.0
344,0,0.0,False,72.0,49.932432432432435,2,66.0,101.0,0.0,0.0
345,0,0.0,False,77.0,55.21052631578947,0,66.0,101.0,0.0,0.0
346,0,0.0,False,76.96153846153847,64.51282051282051,0,66.0,101.0,0.0,0.0
347,0,25.0,False,77.0,74.93243243243244,5,66.0,113.78125,0.0,0.0
348,0,0.0,False,77.0,83.21052631578948,5,66.0,113.78125,0.0,0.0
349,0,0.0,False,77.0,83.21052631578948,5,66.0,113.78125,0.0,0.0
350,0,0.0,False,77.0,83.21052631578948,5,66.0,113.78125,0.0,0.0
351,0,0.0,False,77.0,83.21052631578948,5,66.0,113.78125,0.0,0.0
352,4,0.0,False,77.0,83.21052631578948,5,54.0,131.0,0.0,0.0
353,4,0.0,False,78.17567567567568,78.21621621621621,5,54.0,131.0,0.0,0.0
354,0,0.0,False,78.1923076923077,67.82051282051282,5,54.0,131.0,0.0,0.0
355,0,0.0,False,78.1923076923077,57.62820512820513,0,54.0,131.0,0.0,0.0
356,0,0.0,False,75.17567567567568,51.21621621621622,0,54.0,131.0,0.0,0.0
357,0,0.0,False,70.17567567567568,50.21621621621622,2,54.0,131.0,0.0,0.0
358,0,0.0,False,66.17105263157895,54.5,2,54.0,131.0,0.0,0.0
359,0,0.0,False,66.17105263157895,54.5,2,54.0,131.0,0.0,0.0
360,0,0.0,False,66.17105263157895,54.5,2,54.0,143.78125,0.0,0.0
361,0,0.0,False,66.17105263157895,54.5,2,54.0,143.78125,0.0,0.0
362,0,0.0,False,66.17105263157895,54.5,2,54.0,143.78125,0.0,0.0
363,0,0.0,False,66.17105263157895,54.5,2,54.0,143.78125,0.0,0.0
364,0,0.0,False,66.17105263157895,54.5,2,54.0,143.78125,0.0,0.0
365,4,0.0,False,66.17105263157895,54.5,2,65.38571428571429,168.22857142857143,0.0,0.0
366,4,0.0,False,66.17567567567568,50.21621621621622,2,65.0625,164.3875,0.0,0.0
367,0,0.0,False,66.2,39.6,2,65.0625,164.3875,0.0,0.0
368,0,0.0,False,66.20731707317073,29.048780487804876,0,65.0625,164.3875,0.0,0.0
369,0,0.0,False,63.17567567567568,21.216216216216218,0,65.0625,164.3875,0.0,0.0
370,0,0.0,False,58.17567567567568,20.216216216216218,0,65.27272727272727,166.23376623376623,0.0,0.0
371,0,0.0,False,54.166666666666664,25.794871794871796,0,65.27272727272727,166.23376623376623,0.0,0.0
372,0,0.0,False,54.22093023255814,31.162790697674417,0,65.38571428571429,168.22857142857143,0.0,0.0
373,3,0.0,False,54.10344827586207,36.14942528735632,0,65.38571428571429,168.22857142857143,0.0,0.0
374,3,0.0,False,54.17567567567568,42.21621621621622,0,65.38571428571429,168.22857142857143,0.0,0.0
375,0,0.0,False,54.17567567567568,47.21621621621622,0,65.27272727272727,166.23376623376623,0.0,0.0
376,0,0.0,False,54.171052631578945,52.473684210526315,0,65.27272727272727,166.23376623376623,0.0,0.0
377,0,0.0,True,54.16883116883117,56.57142857142857,0,65.0625,164.3875,0.0,0.0
